Index,c1,c2,c3,c4
explained_variance,48.18087402,24.2582502,23.60732191,3.953553871
build_count_mod,0.242378587,0.14926882,-0.771016925,-0.569652825
josm_edits,0.683016981,-0.716210586,0.126194519,-0.067861207
road_km_mod,0.650959629,0.680236526,0.336940868,-0.000825649
validations_age,0.225814051,0.045160653,-0.525431914,0.819078649